<linker>
	<assembly fullname="UnityEngine">
		<type fullname="UnityEngine.Object" preserve="nothing"/>
		<type fullname="UnityEngine.Behaviour" preserve="nothing"/>
		<type fullname="UnityEngine.Component" preserve="nothing"/>
		<type fullname="UnityEditor.MonoScript" preserve="nothing"/>
		<type fullname="UnityEngine.MonoBehaviour" preserve="nothing"/>
		<type fullname="UnityEngine.Material" preserve="nothing"/>
		<type fullname="UnityEditor.UnityConnectSettings" preserve="nothing"/>
		<type fullname="UnityEditor.VFXManager" preserve="nothing"/>
		<type fullname="UnityEngine.Shader" preserve="nothing"/>
		<type fullname="UnityEngine.TextAsset" preserve="nothing"/>
		<type fullname="UnityEditor.TagManager" preserve="nothing"/>
		<type fullname="UnityEditor.MonoManager" preserve="nothing"/>
		<type fullname="UnityEngine.Rendering.GraphicsSettings" preserve="nothing"/>
		<type fullname="UnityEditor.PlayerSettings" preserve="nothing"/>
		<type fullname="UnityEditor.TimeManager" preserve="nothing"/>
		<type fullname="UnityEditor.InputManager" preserve="nothing"/>
		<type fullname="UnityEditor.PhysicsManager" preserve="nothing"/>
		<type fullname="UnityEditor.AudioManager" preserve="nothing"/>
		<type fullname="UnityEditor.Physics2DSettings" preserve="nothing"/>
		<type fullname="UnityEngine.QualitySettings" preserve="nothing"/>
		<type fullname="UnityEngine.Camera" preserve="nothing"/>
		<type fullname="UnityEngine.Transform" preserve="nothing"/>
		<type fullname="UnityEngine.Renderer" preserve="nothing"/>
		<type fullname="UnityEngine.Light" preserve="nothing"/>
		<type fullname="UnityEngine.MeshFilter" preserve="nothing"/>
		<type fullname="UnityEngine.MeshRenderer" preserve="nothing"/>
		<type fullname="UnityEngine.AudioBehaviour" preserve="nothing"/>
		<type fullname="UnityEngine.AudioListener" preserve="nothing"/>
		<type fullname="UnityEngine.Rigidbody" preserve="nothing"/>
		<type fullname="UnityEngine.Collider" preserve="nothing"/>
		<type fullname="UnityEngine.MeshCollider" preserve="nothing"/>
		<type fullname="UnityEngine.CapsuleCollider" preserve="nothing"/>
		<type fullname="UnityEngine.BoxCollider" preserve="nothing"/>
		<type fullname="UnityEngine.SphereCollider" preserve="nothing"/>
		<type fullname="UnityEngine.Canvas" preserve="nothing"/>
		<type fullname="UnityEngine.RectTransform" preserve="nothing"/>
		<type fullname="UnityEngine.GameObject" preserve="nothing"/>
		<type fullname="UnityEngine.LightmapSettings" preserve="nothing"/>
		<type fullname="UnityEngine.Font" preserve="nothing"/>
		<type fullname="UnityEngine.Mesh" preserve="nothing"/>
		<type fullname="UnityEngine.Texture" preserve="nothing"/>
		<type fullname="UnityEngine.Texture2D" preserve="nothing"/>
		<type fullname="UnityEngine.CanvasRenderer" preserve="nothing"/>
		<type fullname="UnityEngine.LightingSettings" preserve="nothing"/>
		<type fullname="UnityEngine.LightProbes" preserve="nothing"/>
		<type fullname="UnityEngine.Cubemap" preserve="nothing"/>
		<type fullname="UnityEngine.RenderSettings" preserve="nothing"/>
		<type fullname="UnityEngine.AudioClip" preserve="nothing"/>
	</assembly>
	<assembly fullname="Assembly-CSharp">
		<type fullname="AirPlanePhysics" preserve="nothing"/>
		<type fullname="AirplaneBehaviour" preserve="nothing"/>
		<type fullname="ChangeLevel" preserve="nothing"/>
		<type fullname="ChildRotation" preserve="nothing"/>
		<type fullname="GameManager" preserve="nothing"/>
		<type fullname="PlaneSpawner" preserve="nothing"/>
		<type fullname="Rotation" preserve="nothing"/>
		<type fullname="TrashBin" preserve="nothing"/>
	</assembly>
	<assembly fullname="Unity.InputSystem">
		<type fullname="UnityEngine.InputSystem.InputActionAsset" preserve="nothing"/>
		<type fullname="UnityEngine.InputSystem.InputActionReference" preserve="nothing"/>
		<type fullname="UnityEngine.InputSystem.InputSettings" preserve="nothing"/>
		<type fullname="UnityEngine.InputSystem.InputSystemObject" preserve="nothing"/>
		<type fullname="UnityEngine.InputSystem.RemoteInputPlayerConnection" preserve="nothing"/>
		<type fullname="UnityEngine.InputSystem.UI.InputSystemUIInputModule" preserve="nothing"/>
	</assembly>
	<assembly fullname="Unity.TextMeshPro">
		<type fullname="TMPro.TMP_FontAsset" preserve="nothing"/>
		<type fullname="TMPro.TMP_Settings" preserve="nothing"/>
		<type fullname="TMPro.TMP_SpriteAsset" preserve="nothing"/>
		<type fullname="TMPro.TMP_StyleSheet" preserve="nothing"/>
		<type fullname="TMPro.TextMeshProUGUI" preserve="nothing"/>
	</assembly>
	<assembly fullname="Unity.XR.Interaction.Toolkit">
		<type fullname="UnityEngine.XR.Interaction.Toolkit.XRController" preserve="nothing"/>
		<type fullname="UnityEngine.XR.Interaction.Toolkit.XRDirectInteractor" preserve="nothing"/>
		<type fullname="UnityEngine.XR.Interaction.Toolkit.XRGrabInteractable" preserve="nothing"/>
		<type fullname="UnityEngine.XR.Interaction.Toolkit.XRRig" preserve="nothing"/>
	</assembly>
	<assembly fullname="Unity.XR.Management">
		<type fullname="UnityEngine.XR.Management.XRGeneralSettings" preserve="nothing"/>
		<type fullname="UnityEngine.XR.Management.XRManagerSettings" preserve="nothing"/>
	</assembly>
	<assembly fullname="Unity.XR.Oculus">
		<type fullname="Unity.XR.Oculus.OculusLoader" preserve="nothing"/>
		<type fullname="Unity.XR.Oculus.OculusSettings" preserve="nothing"/>
	</assembly>
	<assembly fullname="Unity.XR.OpenXR.Features.ConformanceAutomation">
		<type fullname="UnityEngine.XR.OpenXR.Features.ConformanceAutomation.ConformanceAutomationFeature" preserve="nothing"/>
	</assembly>
	<assembly fullname="Unity.XR.OpenXR.Features.MockDriver">
		<type fullname="UnityEngine.XR.OpenXR.Features.Mock.MockDriver" preserve="nothing"/>
	</assembly>
	<assembly fullname="Unity.XR.OpenXR.Features.MockRuntime">
		<type fullname="UnityEngine.XR.OpenXR.Features.Mock.MockRuntime" preserve="nothing"/>
	</assembly>
	<assembly fullname="Unity.XR.OpenXR.Features.RuntimeDebugger">
		<type fullname="UnityEngine.XR.OpenXR.Features.RuntimeDebugger.RuntimeDebuggerOpenXRFeature" preserve="nothing"/>
	</assembly>
	<assembly fullname="Unity.XR.OpenXR">
		<type fullname="UnityEngine.XR.OpenXR.Features.Interactions.EyeGazeInteraction" preserve="nothing"/>
		<type fullname="UnityEngine.XR.OpenXR.Features.Interactions.HTCViveControllerProfile" preserve="nothing"/>
		<type fullname="UnityEngine.XR.OpenXR.Features.Interactions.KHRSimpleControllerProfile" preserve="nothing"/>
		<type fullname="UnityEngine.XR.OpenXR.Features.Interactions.MicrosoftHandInteraction" preserve="nothing"/>
		<type fullname="UnityEngine.XR.OpenXR.Features.Interactions.MicrosoftMotionControllerProfile" preserve="nothing"/>
		<type fullname="UnityEngine.XR.OpenXR.Features.Interactions.OculusTouchControllerProfile" preserve="nothing"/>
		<type fullname="UnityEngine.XR.OpenXR.Features.Interactions.ValveIndexControllerProfile" preserve="nothing"/>
		<type fullname="UnityEngine.XR.OpenXR.OpenXRLoader" preserve="nothing"/>
		<type fullname="UnityEngine.XR.OpenXR.OpenXRSettings" preserve="nothing"/>
	</assembly>
	<assembly fullname="Unity.XR.WindowsMixedReality">
		<type fullname="UnityEngine.XR.WindowsMR.WindowsMRSettings" preserve="nothing"/>
	</assembly>
	<assembly fullname="UnityEngine.SpatialTracking">
		<type fullname="UnityEngine.SpatialTracking.TrackedPoseDriver" preserve="nothing"/>
	</assembly>
	<assembly fullname="UnityEngine.UI">
		<type fullname="UnityEngine.EventSystems.EventSystem" preserve="nothing"/>
		<type fullname="UnityEngine.UI.CanvasScaler" preserve="nothing"/>
		<type fullname="UnityEngine.UI.GraphicRaycaster" preserve="nothing"/>
		<type fullname="UnityEngine.UI.Image" preserve="nothing"/>
	</assembly>
</linker>
